species,x,y,canopy_r_m,height_m
Neem,7.607913912911679,45.15760544535643,5.0,9.0
Neem,2.3920860870883214,54.84239455464357,5.0,9.0
Neem,11.427126999144589,47.19127502748016,5.0,9.0
Neem,6.35065077863319,56.94982969416017,5.0,9.0
Neem,15.102579006056805,49.015494081757716,5.0,9.0
Neem,10.452976549498752,58.984505918242284,5.0,9.0
Neem,18.624040196734818,50.51694288218375,5.0,9.0
Neem,14.709293136598511,60.79676561680102,5.0,9.0
Neem,21.98565032492485,51.61738135879247,5.0,9.0
Neem,19.125460786186263,62.23902510175854,5.0,9.0
Neem,25.203744495300935,52.28007116692655,5.0,9.0
Neem,23.68514439358795,63.17474205369854,5.0,9.0
Neem,28.333333333333332,52.5,5.0,9.0
Neem,28.333333333333332,63.5,5.0,9.0
Neem,31.46292217136573,52.280071166926554,5.0,9.0
Neem,32.98152227307872,63.174742053698544,5.0,9.0
Neem,34.68101634174182,51.61738135879247,5.0,9.0
Neem,37.54120588048041,62.23902510175854,5.0,9.0
Neem,38.04262646993185,50.51694288218375,5.0,9.0
Neem,41.95737353006815,60.79676561680102,5.0,9.0
Neem,41.56408766060986,49.015494081757716,5.0,9.0
Neem,46.213690117167914,58.984505918242284,5.0,9.0
Neem,45.23953966752208,47.19127502748016,5.0,9.0
Neem,50.316015888033476,56.94982969416017,5.0,9.0
Neem,49.05875275375499,45.15760544535643,5.0,9.0
Neem,54.27458057957834,54.84239455464357,5.0,9.0
Neem,53.01731744529986,43.05017030583983,5.0,9.0
Neem,58.093793665811255,52.80872497251984,5.0,9.0
Neem,57.119643216165414,41.015494081757716,5.0,9.0
Neem,61.76924567272347,50.984505918242284,5.0,9.0
Neem,61.37595980326518,39.20323438319898,5.0,9.0
Neem,65.29070686340148,49.48305711781625,5.0,9.0
Neem,65.79212745285294,37.76097489824145,5.0,9.0
Neem,68.65231699159152,48.38261864120752,5.0,9.0
Neem,70.35181106025462,36.825257946301456,5.0,9.0
Neem,71.87041116196761,47.719928833073446,5.0,9.0
Neem,75.0,36.5,5.0,9.0
Neem,75.0,47.5,5.0,9.0
Neem,79.64818893974538,36.825257946301456,5.0,9.0
Neem,78.12958883803239,47.719928833073446,5.0,9.0
Neem,84.20787254714706,37.76097489824145,5.0,9.0
Neem,81.34768300840848,48.38261864120752,5.0,9.0
Neem,88.62404019673482,39.20323438319898,5.0,9.0
Neem,84.70929313659852,49.48305711781625,5.0,9.0
Neem,92.88035678383459,41.015494081757716,5.0,9.0
Neem,88.23075432727653,50.984505918242284,5.0,9.0
Neem,96.98268255470015,43.05017030583983,5.0,9.0
Neem,91.90620633418874,52.80872497251984,5.0,9.0
Neem,100.94124724624501,45.15760544535643,5.0,9.0
Neem,95.72541942042164,54.84239455464357,5.0,9.0
Neem,104.76046033247792,47.19127502748015,5.0,9.0
Neem,99.68398411196651,56.949829694160165,5.0,9.0
Neem,108.43591233939014,49.015494081757716,5.0,9.0
Neem,103.78630988283209,58.984505918242284,5.0,9.0
Neem,111.95737353006815,50.51694288218374,5.0,9.0
Neem,108.04262646993185,60.79676561680101,5.0,9.0
Neem,115.31898365825818,51.61738135879247,5.0,9.0
Neem,112.4587941195196,62.23902510175854,5.0,9.0
Neem,118.53707782863427,52.28007116692655,5.0,9.0
Neem,117.01847772692128,63.17474205369854,5.0,9.0
Neem,121.66666666666667,52.5,5.0,9.0
Neem,121.66666666666667,63.5,5.0,9.0
Neem,124.79625550469906,52.280071166926554,5.0,9.0
Neem,126.31485560641205,63.174742053698544,5.0,9.0
Neem,128.01434967507515,51.61738135879247,5.0,9.0
Neem,130.87453921381376,62.23902510175854,5.0,9.0
Neem,131.37595980326518,50.51694288218374,5.0,9.0
Neem,135.2907068634015,60.79676561680101,5.0,9.0
Neem,134.8974209939432,49.015494081757716,5.0,9.0
Neem,139.54702345050126,58.984505918242284,5.0,9.0
Neem,138.57287300085542,47.19127502748016,5.0,9.0
Neem,143.6493492213668,56.94982969416017,5.0,9.0
Neem,142.39208608708833,45.15760544535643,5.0,9.0
Neem,147.60791391291167,54.84239455464357,5.0,9.0
Ficus nitida,51.54804188363556,22.71745594436321,4.5,8.0
Ficus nitida,53.855379296784285,30.67893529502841,4.5,8.0
Ficus nitida,33.017274503417326,39.249168430412084,4.5,8.0
Ficus nitida,51.198668276257024,33.41078060253018,4.5,8.0
Ficus nitida,33.94237762673538,23.071886887183467,4.5,8.0
Ficus nitida,40.557954140580165,37.74436165653694,4.5,8.0
Ficus nitida,48.00176317339891,34.54105768874156,4.5,8.0
Ficus nitida,42.53747106003305,16.198952630971128,4.5,8.0
Ficus nitida,45.567981294051656,11.165571488008599,4.5,8.0
Ficus nitida,53.01122574851779,28.655263492959598,4.5,8.0
Ficus nitida,51.11547179472729,20.119399818399945,4.5,8.0
Ficus nitida,56.91122814500507,36.70813053672369,4.5,8.0
Ficus nitida,51.668734130230746,15.1948722018406,4.5,8.0
Ficus nitida,43.172814561598955,10.549155986246646,4.5,8.0
Ficus nitida,34.655931553761356,30.237907759867603,4.5,8.0
Ficus nitida,50.752216370047094,38.99929975897366,4.5,8.0
Ficus nitida,39.331999262846026,20.610158945873962,4.5,8.0
Ficus nitida,43.25009141537852,15.035717859795998,4.5,8.0
Ficus nitida,33.991660235444954,23.85171172775876,4.5,8.0
Ficus nitida,36.6355488551271,29.83027103622132,4.5,8.0
Ficus nitida,42.366761308459736,34.84648843858139,4.5,8.0
Ficus nitida,49.53922668058131,18.820892554566864,4.5,8.0
Ficus nitida,53.137402186033185,33.9867422109015,4.5,8.0
Ficus nitida,41.01266061236255,18.08050560105152,4.5,8.0
Ficus nitida,49.05482743835783,13.504376495166742,4.5,8.0
Ficus nitida,35.89949759947145,9.42675790833097,4.5,8.0
Ficus nitida,51.90155853070829,29.67740638303459,4.5,8.0
Ficus nitida,49.6728082213539,33.24645415547661,4.5,8.0
Ficus nitida,42.960044041175145,26.717228835349125,4.5,8.0
Ficus nitida,34.26086616895994,12.727526264907981,4.5,8.0
Ficus nitida,48.670664738408256,23.70976314920848,4.5,8.0
Ficus nitida,45.858336262677206,32.76196480841359,4.5,8.0
Ficus nitida,47.752421403216104,26.25024554026627,4.5,8.0
Ficus nitida,45.693987201919974,18.561663020328453,4.5,8.0
Olive,62.3695016597539,22.65089558835676,3.5,6.0
Olive,66.30211199833792,21.78268222671879,3.5,6.0
Olive,79.97282576793876,16.405336164652496,3.5,6.0
Olive,62.95767867214602,17.866623874277494,3.5,6.0
Olive,67.99290641620703,29.587028653588366,3.5,6.0
Olive,73.63048806010336,33.344064840477536,3.5,6.0
Olive,75.92630976300609,21.71671533235417,3.5,6.0
Olive,79.13003623185314,14.34276593315728,3.5,6.0
Olive,62.19603836506462,11.973474111889765,3.5,6.0
Olive,77.16849010276404,23.42581869174273,3.5,6.0
Olive,65.16121607131907,24.632179073183597,3.5,6.0
Date Palm,2.5,34.0,3.0,12.0
Date Palm,147.5,34.0,3.0,12.0
Date Palm,2.5,40.0,3.0,12.0
Date Palm,147.5,40.0,3.0,12.0
Date Palm,2.5,46.0,3.0,12.0
Date Palm,147.5,46.0,3.0,12.0
Date Palm,2.5,52.0,3.0,12.0
Date Palm,147.5,52.0,3.0,12.0
Date Palm,2.5,58.0,3.0,12.0
Date Palm,147.5,58.0,3.0,12.0
Date Palm,2.5,64.0,3.0,12.0
Date Palm,147.5,64.0,3.0,12.0
